<?-- this is a comment! -->
<?xml version="1.0" encoding="utf-8"?>
<profiles>
	<profile name="Rotate Model">
        <sequences>
			<sequence state="lockMode" name="Control Mouse">
                <gestures>
					<gesture type="tap">fingersSpread</gesture>
					<gesture type="tap">doubleTap</gesture>
					<gesture type="immediate">doubleTap</gesture>
                </gestures>
                <commands>
				<command type="stateChange">
                    <actions>
                        <action>mouseMode2</action>
                    </actions>
                </command>
				</commands>
            </sequence>
			<sequence state="mouseMode2" name="Lock">
                <gestures>
					<gesture type="immediate">doubleTap</gesture>
                </gestures>
                <commands>
					<command type="stateChange">
						<actions>
							<action>lockMode</action>
						</actions>
					</command>
				</commands>
            </sequence>
			<sequence state="mouseMode2" name="Switch Rotate/Draw">
                <gestures>
                    <gesture type="hold">waveOut</gesture>
                </gestures>
				<commands>
				<command type="profileChange">
                    <actions>
                        <action>moveProfileForward</action>
                    </actions>
                </command>
				</commands>
            </sequence>
			<sequence state="mouseMode2" name="Rotate">
                <gestures>
					<gesture type="immediate">fist</gesture>
                </gestures>
                <commands>
					<command type="mouse">
						<actions>
							<action>middleHold</action>
						</actions>
					</command>
				</commands>
            </sequence>
			<sequence state="mouseMode2" name="Right Click">
                <gestures>
					<gesture type="tap">waveOut</gesture>
                </gestures>
                <commands>
					<command type="mouse">
						<actions>
							<action>rightClick</action>
						</actions>
					</command>
				</commands>
            </sequence>
			<sequence state="mouseMode2" name="Release Button">
                <gestures>
					<gesture type="immediate">rest</gesture>
                </gestures>
                <commands>
					<command type="mouse">
						<actions>
							<action>releaseLrmButs</action>
						</actions>
					</command>
				</commands>
            </sequence>
		
			<sequence state="lockMode" name="Unlock">
                <gestures>
					<gesture type="tap">doubleTap</gesture>
					<gesture type="immediate">doubleTap</gesture>
                </gestures>
                <commands>
				<command type="stateChange">
                    <actions>
                        <action>gestureMode</action>
                    </actions>
                </command>
				</commands>
            </sequence>
			<sequence state="lockMode" name="View Flow Map">
                <gestures>
                    <gesture type="tap">doubleTap</gesture>
					<gesture type="immediate">waveOut</gesture>
                </gestures>
                <commands>
					<command type="keyboard">
						<actions>
							<action>inputVector,f</action>
						</actions>
					</command>
				</commands>
            </sequence>
			<sequence state="lockMode" name="View Impedance Map">
                <gestures>
                    <gesture type="tap">doubleTap</gesture>
					<gesture type="immediate">waveIn</gesture>
                </gestures>
                <commands>
					<command type="keyboard">
						<actions>
							<action>inputVector,i</action>
						</actions>
					</command>
				</commands>
            </sequence>
			<sequence state="lockMode" name="3D">
                <gestures>
                    <gesture type="tap">doubleTap</gesture>
					<gesture type="immediate">fist</gesture>
                </gestures>
                <commands>
					<command type="keyboard">
						<actions>
							<action>inputVector,M</action>
						</actions>
					</command>
				</commands>
            </sequence>
			<sequence state="lockMode" name="2D">
                <gestures>
                    <gesture type="tap">doubleTap</gesture>
					<gesture type="immediate">fingersSpread</gesture>
                </gestures>
                <commands>
					<command type="keyboard">
						<actions>
							<action>inputVector,Z</action>
						</actions>
					</command>
				</commands>
            </sequence>
			<sequence state="gestureMode" name="Switch Rotate/Draw">
                <gestures>
                    <gesture type="hold">waveOut</gesture>
                </gestures>
				<commands>
				<command type="profileChange">
                    <actions>
                        <action>moveProfileForward</action>
                    </actions>
                </command>
				</commands>
            </sequence>
            <sequence state="gestureMode" name="Left Click">
                <gestures>
                    <gesture type="immediate">waveIn</gesture>
                </gestures>
                <commands>
				<command type="mouse">
                    <actions>
                        <action>leftClick</action>
                    </actions>
                </command>
				</commands>
            </sequence>
			<sequence state="gestureMode" name="Right Click">
                <gestures>
                    <gesture type="tap">waveOut</gesture>
                </gestures>
                <commands>
				<command type="mouse">
                    <actions>
                        <action>rightClick</action>
                    </actions>
                </command>
				</commands>
            </sequence>
            <sequence state="mouseMode" name="Release Cursor">
                <gestures>
                    <gesture type="immediate">rest</gesture>
                </gestures>
                <commands>
				<command type="stateChange">
                    <actions>
                        <action>gestureMode</action>
                    </actions>
                </command>
				<command type="mouse">
                    <actions>
                        <action>releaseLrmButs</action>
                    </actions>
                </command>
				</commands>
            </sequence>
            <sequence state="gestureMode" name="Click+Drag Cursor">
                <gestures>
                    <gesture type="immediate">fist</gesture>
                </gestures>
                <commands>
				<command type="stateChange">
                    <actions>
                        <action>mouseMode</action>
                    </actions>
                </command>
				<command type="mouse">
                    <actions>
                        <action>middleHold</action>
                    </actions>
                </command>
				</commands>
            </sequence>
			<sequence state="gestureMode" name="Move Cursor">
                <gestures>
                    <gesture type="immediate">fingersSpread</gesture>
                </gestures>
                <commands>
				<command type="stateChange">
                    <actions>
                        <action>mouseMode</action>
                    </actions>
                </command>
				</commands>
            </sequence>
            <sequence state="gestureMode" name="Lock">
                <gestures>
                    <gesture type="immediate">doubleTap</gesture>
                </gestures>
                <commands>
				<command type="stateChange">
                    <actions>
                        <action>lockMode</action>
                    </actions>
                </command>
				</commands>
            </sequence>
        </sequences>
        <holds>
        </holds>
    </profile>
	<profile name="Draw on Model">
        <sequences>
			<sequence state="lockMode" name="Control Mouse">
                <gestures>
					<gesture type="tap">fingersSpread</gesture>
					<gesture type="tap">doubleTap</gesture>
					<gesture type="immediate">doubleTap</gesture>
                </gestures>
                <commands>
				<command type="stateChange">
                    <actions>
                        <action>mouseMode2</action>
                    </actions>
                </command>
				</commands>
            </sequence>
			<sequence state="mouseMode2" name="Lock">
                <gestures>
					<gesture type="immediate">doubleTap</gesture>
                </gestures>
                <commands>
					<command type="stateChange">
						<actions>
							<action>lockMode</action>
						</actions>
					</command>
				</commands>
            </sequence>
			<sequence state="mouseMode2" name="Switch Rotate/Draw">
                <gestures>
                    <gesture type="hold">waveOut</gesture>
                </gestures>
				<commands>
				<command type="profileChange">
                    <actions>
                        <action>moveProfileForward</action>
                    </actions>
                </command>
				</commands>
            </sequence>
			<sequence state="mouseMode2" name="Draw">
                <gestures>
					<gesture type="immediate">fist</gesture>
                </gestures>
                <commands>
					<command type="mouse">
						<actions>
							<action>leftHold</action>
						</actions>
					</command>
				</commands>
            </sequence>
			<sequence state="mouseMode2" name="Right Click">
                <gestures>
					<gesture type="tap">waveOut</gesture>
                </gestures>
                <commands>
					<command type="mouse">
						<actions>
							<action>rightClick</action>
						</actions>
					</command>
				</commands>
            </sequence>
			<sequence state="mouseMode2" name="Release Button">
                <gestures>
					<gesture type="immediate">rest</gesture>
                </gestures>
                <commands>
					<command type="mouse">
						<actions>
							<action>releaseLrmButs</action>
						</actions>
					</command>
				</commands>
            </sequence>
			
			<sequence state="lockMode" name="Unlock">
                <gestures>
                    <gesture type="tap">doubleTap</gesture>
					<gesture type="immediate">doubleTap</gesture>
                </gestures>
                <commands>
				<command type="stateChange">
                    <actions>
                        <action>gestureMode</action>
                    </actions>
                </command>
				</commands>
            </sequence>
			<sequence state="lockMode" name="View Flow Map">
                <gestures>
                    <gesture type="tap">doubleTap</gesture>
					<gesture type="immediate">waveOut</gesture>
                </gestures>
                <commands>
					<command type="keyboard">
						<actions>
							<action>inputVector,f</action>
						</actions>
					</command>
				</commands>
            </sequence>
			<sequence state="lockMode" name="View Impedance Map">
                <gestures>
                    <gesture type="tap">doubleTap</gesture>
					<gesture type="immediate">waveIn</gesture>
                </gestures>
                <commands>
					<command type="keyboard">
						<actions>
							<action>inputVector,i</action>
						</actions>
					</command>
				</commands>
            </sequence>
			<sequence state="lockMode" name="3D">
                <gestures>
                    <gesture type="tap">doubleTap</gesture>
					<gesture type="immediate">fist</gesture>
                </gestures>
                <commands>
					<command type="keyboard">
						<actions>
							<action>inputVector,M</action>
						</actions>
					</command>
				</commands>
            </sequence>
			<sequence state="lockMode" name="2D">
                <gestures>
                    <gesture type="tap">doubleTap</gesture>
					<gesture type="immediate">fingersSpread</gesture>
                </gestures>
                <commands>
					<command type="keyboard">
						<actions>
							<action>inputVector,Z</action>
						</actions>
					</command>
				</commands>
            </sequence>
			<sequence state="gestureMode" name="Switch Rotate/Draw">
                <gestures>
                    <gesture type="hold">waveOut</gesture>
                </gestures>
				<commands>
				<command type="profileChange">
                    <actions>
                        <action>moveProfileForward</action>
                    </actions>
                </command>
				</commands>
            </sequence>
            <sequence state="gestureMode" name="Left Click">
                <gestures>
                    <gesture type="immediate">waveIn</gesture>
                </gestures>
                <commands>
				<command type="mouse">
                    <actions>
                        <action>leftClick</action>
                    </actions>
                </command>
				</commands>
            </sequence>
			<sequence state="gestureMode" name="Right Click">
                <gestures>
                    <gesture type="tap">waveOut</gesture>
                </gestures>
                <commands>
				<command type="mouse">
                    <actions>
                        <action>rightClick</action>
                    </actions>
                </command>
				</commands>
            </sequence>
            <sequence state="mouseMode" name="Release Cursor">
                <gestures>
                    <gesture type="immediate">rest</gesture>
                </gestures>
                <commands>
				<command type="stateChange">
                    <actions>
                        <action>gestureMode</action>
                    </actions>
                </command>
				<command type="mouse">
                    <actions>
                        <action>releaseLrmButs</action>
                    </actions>
                </command>
				</commands>
            </sequence>
            <sequence state="gestureMode" name="Click+Drag Cursor">
                <gestures>
                    <gesture type="immediate">fist</gesture>
                </gestures>
                <commands>
				<command type="stateChange">
                    <actions>
                        <action>mouseMode</action>
                    </actions>
                </command>
				<command type="mouse">
                    <actions>
                        <action>leftHold</action>
                    </actions>
                </command>
				</commands>
            </sequence>
			<sequence state="gestureMode" name="Move Cursor">
                <gestures>
                    <gesture type="immediate">fingersSpread</gesture>
                </gestures>
                <commands>
				<command type="stateChange">
                    <actions>
                        <action>mouseMode</action>
                    </actions>
                </command>
				</commands>
            </sequence>
            <sequence state="gestureMode" name="Lock">
                <gestures>
                    <gesture type="immediate">doubleTap</gesture>
                </gestures>
                <commands>
				<command type="stateChange">
                    <actions>
                        <action>lockMode</action>
                    </actions>
                </command>
				</commands>
            </sequence>
        </sequences>
        <holds>
        </holds>
    </profile>
</profiles>
